participant,half,segment_left_shoulder_right_shoulder,segment_left_hip_right_hip,segment_left_shoulder_left_elbow,segment_right_shoulder_right_elbow,segment_left_elbow_left_wrist,segment_right_elbow_right_wrist,segment_left_hip_left_knee,segment_right_hip_right_knee,segment_left_knee_left_ankle,segment_right_knee_right_ankle,segment_left_shoulder_left_hip,segment_right_shoulder_right_hip,mean_angle_L.Elbow,mean_angle_R.Elbow,mean_angle_L.Shoulder,mean_angle_R.Shoulder,mean_angle_L.Hip,mean_angle_R.Hip,mean_angle_L.Knee,mean_angle_R.Knee,mean_angle_L.Distal arm,mean_angle_R.Distal arm,mean_angle_L.Distal leg,mean_angle_R.Distal leg,mean_angle_Head/Neck
P01,first,121.093,67.5661,94.6406,90.5173,84.4972,82.1235,72.8072,73.9629,105.324,112.801,134.385,131.107,165.909,164.766,19.9687,20.9494,174.153,152.359,167.127,137.977,7.10325,7.83315,5.2433,16.2361,156.095
P02,first,117.632,82.7739,87.8893,83.6724,60.5774,59.9632,83.6117,80.9747,146.452,139.957,131.439,126.573,103.701,106.194,12.0133,17.4217,174.267,153.324,171.763,148.154,50.231,50.5235,2.94253,11.7509,158.926
P03,first,109.026,84.5529,84.6804,76.1432,85.4981,77.5641,77.357,47.8073,160.782,159.311,133.785,128.956,102.284,85.8292,8.53555,16.6021,152.359,105.096,146.688,122.304,39.1923,44.0772,10.8149,13.1427,157.872
P04,first,103.352,70.0427,84.5918,80.9155,74.1862,59.2209,73.8845,67.7191,135.153,135.03,132.646,126.423,151.409,153.157,6.9383,15.8013,134.745,158.135,144.286,155.236,16.4958,16.7439,12.6521,5.67621,167.434
P05,first,106.611,73.4974,82.1501,74.6297,63.3553,42.0007,84.3568,17.302,151.241,152.349,118.565,111.463,114.858,132.944,17.7077,17.7665,150.061,141.797,146.125,142.892,38.6931,31.8153,11.8301,4.05271,168.318
P06,first,118.968,77.7944,92.7233,87.703,64.7101,59.7008,97.7048,43.5553,133.054,154.41,131.76,124.817,94.8002,96.483,13.7032,15.2159,158.462,134.836,145.178,128.022,54.7614,54.6403,14.8418,16.5394,170.188
P07,first,152.573,95.3911,76.0974,90.653,105.574,105.973,98.3044,113.547,194.442,194.656,173.223,164.295,108.397,94.6598,18.7095,26.5789,134.294,128.874,132.006,131.389,28.0594,36.6475,15.8829,17.3139,153.233
P08,first,151.908,86.3786,108.224,102.033,76.3494,50.2637,110.291,124.077,184.018,191.599,158.472,145.07,96.5526,119.047,49.2029,30.8056,169.885,143.131,160.632,125.571,47.9145,38.1013,7.99194,22.6621,162.675
P09,first,135.315,79.1385,89.112,85.3099,76.2632,81.6315,82.0941,76.327,172.457,171.453,149.403,145.209,144.648,132.16,9.97965,12.7022,176.297,164.811,172.588,164.671,19.3279,22.7146,2.39713,4.65633,161.18
P10,first,140.137,103.45,79.9224,94.2188,84.6195,80.1191,104.075,40.56,171.27,195.029,153.28,157.79,86.8989,90.0062,20.326,19.0497,165.343,93.1146,161.528,119.822,44.9674,48.9093,6.92376,8.58985,145.212
P11,first,117.143,75.6419,87.8414,84.6494,53.4155,53.5776,69.7672,71.1459,138.356,130.298,122.884,124.493,130.366,134.408,14.516,13.0871,174.724,164.688,175.313,161.099,30.9544,27.1243,1.52607,6.43786,175.394
P12,first,136.463,95.0877,87.0457,80.853,66.6324,61.613,73.4662,72.4892,154.786,121.908,131.485,143.338,147.863,155.634,2.02211,17.9439,162.253,140.351,154.021,136.668,18.2567,14.0544,9.06339,15.907,175.061
P13,first,133.794,90.3919,98.6967,95.5179,45.015,42.8354,81.08,61.8447,159.565,164.015,93.3402,112.296,131.104,114.036,22.1984,21.0366,142.436,88.0136,141.89,125.228,25.8021,31.3582,12.6608,7.77126,151.765
P14,first,150.321,83.5444,100.293,101.186,73.5032,47.469,67.0786,55.8974,189.234,181.604,199.348,176.282,106.452,127.053,12.7746,23.3553,2.90135,135.705,56.9393,140.962,44.1634,38.6861,19.9577,8.75814,168.539
P15,first,150.156,99.4899,118.613,113.1,95.0955,78.9244,48.2285,106.264,209.304,194.9,178.721,180.257,120.26,141.205,12.856,16.4421,140.718,113.206,156.197,120.77,37.0692,26.4919,4.4235,20.0774,167.368
P16,first,147.196,92.261,106.886,101.959,91.4419,73.6287,76.3783,67.5222,156.811,161.121,166.117,158.666,147.662,160.497,6.11971,8.81364,161.136,148.529,161.605,144.589,18.1253,12.3925,6.02015,10.8453,164.639
P17,first,142.862,75.8832,106.524,104.8,66.7441,68.5141,77.7976,98.2843,165.248,165.914,149.422,146.78,127.628,127.763,16.4406,15.4919,134.811,117.089,129.022,107.441,32.849,32.7405,16.1086,25.9075,161.336
P18,first,131.121,91.2059,95.5974,91.0778,81.4759,54.5042,118.967,108.45,182.932,192.383,162.501,148.715,101.475,131.465,18.3565,19.6203,159.226,143.463,157.13,109.875,47.6022,32.6171,8.30728,13.0914,164.656
P19,first,113.862,70.1282,85.3976,85.4525,83.3031,56.727,95.0073,43.845,156.261,151.585,138.499,129.667,101.256,105.163,10.8522,14.532,132.262,132.595,133.185,126.88,41.2446,51.1026,17.3334,7.372,159.816
P20,first,143.507,88.2725,114.92,112.187,83.5203,46.5666,93.3973,120.937,197.528,177.487,165.12,161.74,97.8554,90.9148,13.932,21.8889,122.141,121.343,94.7253,79.8519,51.0137,64.7101,8.9146,20.1125,153.296
P21,first,123.352,80.5275,72.1173,79.9266,85.8096,80.6042,98.0239,87.9976,169.818,159.893,145.411,136.475,79.0484,78.3318,31.546,18.1655,127.663,136.72,149.072,121.301,51.4418,52.2802,10.7556,17.0345,167.406
P22,first,103.92,77.108,87.4045,84.4678,57.8371,60.0097,94.5673,69.1478,135.239,147.646,133.862,127.648,87.4453,87.9945,27.0475,9.33792,175.456,126.332,166.933,156.865,64.9117,63.1658,5.27987,7.33249,161.24
P23,first,135.401,90.5446,43.6044,69.8527,103.456,105.539,107.344,112.738,155.598,161.909,142.39,129.129,74.7016,64.0152,50.0608,44.1678,173.633,159.921,156.27,167.313,36.6423,45.4752,9.4558,5.06755,166.37
P24,first,134.877,88.0333,94.7471,95.5435,84.9199,73.3973,83.6323,100.116,173.484,154.609,150.101,137.694,65.0636,50.9098,67.561,60.3136,168.197,143.783,155.765,143.362,59.0454,85.0236,7.69927,9.52116,168.616
P25,first,113.774,74.8109,85.9965,79.4158,53.8121,46.8116,103.711,27.618,154.035,164.778,136.354,120.828,113.34,116.011,17.3262,16.9479,143.864,160.455,135.949,152.046,41.9001,41.3592,17.2521,3.95898,171.681
P26,first,118.599,86.0614,82.4639,79.7846,66.7957,69.4954,74.8739,74.9315,148.654,148.89,121.492,125.695,116.456,122.413,15.6135,25.3505,175.177,158.905,169.232,148.094,35.5113,32.1716,4.3783,11.8459,161.753
P27,first,115.667,67.1601,87.1007,79.5515,63.6576,39.9072,76.1535,67.8995,159.745,152.459,130.44,130.806,91.4228,104.993,21.5565,28.8944,165.921,88.3956,149.407,18.157,53.5203,50.8332,9.7265,13.3624,172.834
P28,first,147.812,89.9211,110.27,107.033,78.5608,56.74,101.078,114.2,154.977,167.883,154.353,149.342,136.764,143.794,9.00445,16.9555,151.638,126.291,157.8,118.455,25.612,25.0837,8.53051,25.2624,165.172
P29,first,126.043,85.2524,87.4801,84.6571,75.9031,57.0621,82.2597,92.81,159.275,155.62,128.881,128.569,141.256,149.602,6.70767,12.3701,171.772,142.943,154.969,151.314,21.4134,18.6155,9.49148,11.0927,172.472
P30,first,141.312,101.765,82.4363,81.2098,60.9642,49.0897,75.1327,44.6583,152.306,173.458,157.878,154.172,131.387,162.72,13.4166,13.1657,65.9276,155.73,112.885,157.214,28.0044,11.5912,19.4894,4.57706,168.657
P31,first,163.563,88.4385,111.289,104.693,106.968,98.531,103.16,122.761,152.72,176.453,173.504,171.236,125.057,115.534,22.4466,38.7641,170.297,134.003,152.444,113.22,25.3447,26.1722,11.352,27.0629,150.985
P32,first,106.646,64.0418,80.8307,78.3494,52.0325,52.068,81.3331,91.4334,114.78,115.584,106.543,103.718,53.4026,68.6137,22.4225,26.2871,171.994,135.36,164.782,131.03,96.0948,81.2158,6.20469,21.2888,165.448
P33,first,123.061,89.2783,98.1944,93.824,81.3453,66.307,89.1498,86.1618,183.213,183.852,142.201,139.146,123.13,149.378,8.23933,12.3173,154.281,137.798,172.664,138.355,32.0561,18.4465,2.39468,13.0094,171.631
P34,first,157.836,103.936,91.8674,93.9448,103.836,103.917,95.1912,104.579,201.242,190.715,167.764,149.582,78.2648,73.1127,65.4464,59.0189,168.43,125.246,157.949,109.264,44.4678,44.4554,7.38422,13.7563,158.829
P35,first,115.721,69.8323,81.9091,80.3356,60.3358,49.3885,80.7671,93.9659,159.569,152.049,133.525,126.858,111.739,102.299,18.4284,21.3717,150.939,105.947,151.499,47.4029,36.0823,36.4513,5.98071,25.0536,151.117
P36,first,135.34,91.5666,101.874,98.9587,87.3786,67.7107,95.1676,98.7556,174.19,181.464,153.407,150.103,100.851,135.77,21.1094,24.5171,119.565,135.371,144.193,135.908,42.3232,25.0095,9.67771,13.9469,170.202
P37,first,126.179,79.6991,105.016,102.509,82.3776,73.6059,80.5144,81.0343,165.609,165.176,150.401,148.497,150.484,153.648,8.04332,12.6726,174.59,162.599,163.814,173.483,16.7637,15.995,5.5657,2.2322,159.289
P38,first,114.323,79.4703,80.0355,83.9759,64.6163,73.5216,58.7489,84.8265,151.792,150.045,135.225,131.745,99.5294,98.4863,12.7005,17.668,101.112,166.384,129.982,172.107,46.1657,46.4048,13.0928,3.28598,164.945
P39,first,136.967,92.4909,105.738,101.361,88.3238,79.3945,100.335,96.9634,186.955,189.147,158.671,151.301,118.953,134.105,7.46396,14.3458,106.078,138.661,119.243,143.241,36.3039,28.2004,8.16985,12.1036,163.203
P40,first,113.217,72.679,83.5208,85.2266,62.0829,48.8603,25.5717,65.7862,148.465,136.352,143.314,144.388,125.109,131.088,14.9828,21.2501,81.7913,151.685,121.618,156.285,32.7898,33.1546,6.93291,7.83622,174.718
P41,first,131.43,83.43,97.3975,95.508,75.4851,67.9854,79.2869,85.1931,176.257,162.179,159.945,163.817,115.467,143.059,19.2318,16.845,171.906,123.274,166.467,94.04,31.8248,22.5375,4.2633,14.4455,161.507
P42,first,115.702,77.4498,95.885,89.6901,78.0267,58.8585,77.8165,76.3765,161.582,154.312,139.491,132.43,124.097,133.611,10.0335,13.3042,164.842,137.75,163.361,121.171,30.8415,28.3654,5.4226,13.8943,165.331
P43,first,136.631,85.8671,105.961,99.0657,71.2107,60.3481,77.3706,78.8123,171.833,177.724,145.35,141.155,121.617,133.244,16.3011,14.547,167.2,149.399,166.939,142.494,34.4778,29.7808,4.09369,11.422,156.031
P44,first,111.934,74.7877,83.5405,77.7802,60.562,50.2518,83.6039,36.1661,143.685,143.661,128.785,122.044,99.7703,108.363,18.7541,25.6802,155.772,84.2564,149.859,38.0884,48.1466,44.9705,10.9911,15.9834,173.28
P45,first,140.625,88.5589,101.081,97.8083,68.7615,68.9562,75.4825,74.1782,158.572,161.09,151.992,150.867,136.611,141.988,17.9218,18.7229,175.214,159.683,175.319,154.879,26.3861,22.5391,1.49996,8.12607,168.705
P46,first,137.946,91.5705,97.388,100.656,68.0097,76.2759,79.9885,97.1149,177.597,171.93,145.411,132.825,88.4121,110.056,44.118,17.3099,166.308,120.776,164.982,82.5388,58.5399,39.4413,4.82523,18.9091,166.708
P47,first,136.339,87.8599,111.023,107.295,85.6284,70.2915,70.8285,96.1251,168.531,161.809,142.588,141.949,116.772,130.856,12.6767,21.8901,133.795,132.016,137.053,130.976,35.944,29.395,8.06063,19.2571,160.211
P48,first,163.41,115.79,118.387,108.662,84.0347,82.179,99.6897,104.216,167.947,177.028,154.46,158.327,98.3537,121.148,18.8935,21.1669,171.357,151.785,175.346,147.761,58.4045,37.3522,1.77813,12.623,168.477
P49,first,125.93,76.6875,81.619,79.1896,65.4831,63.8089,25.3424,80.9778,148.262,146.746,145.147,135.218,121.435,139.156,19.7975,23.7857,142.246,117.838,101.437,100.244,33.1915,23.986,5.0513,16.3186,168.905
P50,first,143.481,94.265,76.3297,89.7318,60.5733,74.2734,57.9467,70.611,196.481,195.646,207.762,184.949,144.495,142.897,14.8543,16.6796,43.2547,148.371,49.5533,152.618,22.177,22.4137,12.3958,7.64014,163.024
P51,first,139.461,83.25,104.469,103.729,45.6146,45.3004,85.7986,101.83,111.775,91.9847,157.326,160.315,125.919,121.645,11.6957,12.9081,177.998,161.103,152.178,170.323,38.2253,41.5849,12.1422,5.13107,157.086
P52,first,158.079,96.7321,111.04,104.071,81.0414,74.8505,91.4481,110.462,171.686,178.549,164.478,163.702,95.863,109.928,22.3497,24.1345,135.592,126.562,141.328,121.42,48.0707,42.8355,13.1619,21.8379,168.629
P53,first,105.032,65.9922,80.716,77.5157,72.5254,66.0207,71.7473,73.5551,96.9132,101.21,120.022,116.806,127.258,134.625,16.3859,21.6458,169.239,148.674,159.039,129.831,26.5007,24.5536,9.16474,20.7617,149.551
P54,first,114.657,61.634,89.4159,86.5013,59.5004,33.7368,70.08,50.8499,135.544,131.739,135.682,137.404,139.766,124.442,15.2241,25.5184,171.753,83.899,167.987,33.7712,23.2083,36.2016,4.31938,10.613,167.635
P55,first,141.518,83.2516,100.065,99.2002,60.775,46.9608,77.8656,69.2642,194.956,189.961,171,166.72,126.617,122.667,10.0139,15.1539,100.681,89.9359,90.2197,79.7508,33.1627,37.1364,9.01626,7.46547,148.05
P56,first,115.954,72.8852,69.1728,64.1415,91.2187,87.439,89.2906,94.4293,158.735,160.156,126.182,113.927,108.438,49.2543,5.00726,18.1857,176.448,157.084,167.979,151.81,30.2909,41.3062,4.33899,10.6491,171.141
P57,first,122.286,88.3259,93.5559,89.9667,72.5965,59.0096,70.1381,74.2076,166.594,167.81,134.939,131.473,118.115,111.447,13.2252,18.9757,149.555,160.392,162.872,165.054,37.5581,51.3174,4.35183,4.56644,175.361
P58,first,115.592,79.7717,85.009,86.9516,74.5073,62.1152,91.5107,110.666,162.889,134.057,132.849,136.761,91.4771,90.7541,15.3347,16.0457,162.527,152.839,165.083,140.292,51.5309,48.8272,7.16915,19.6008,168.725
P59,first,143.638,86.1982,97.0851,93.2239,71.3825,63.4224,83.9083,112.889,140.987,160.678,169.001,156.456,122.643,154.872,19.9977,11.9752,149.422,125.398,120.751,92.3551,39.1752,16.7407,21.5314,34.3762,161.802
P60,first,108.948,77.2944,85.7016,84.2946,69.8255,57.3167,67.5059,66.9026,136.877,123.791,133.104,131.247,130.365,137.604,13.1228,13.0465,173.523,167.693,169.783,168.878,28.5238,25.7856,3.50958,3.815,170.977
P61,first,122.764,66.2325,80.4207,79.8551,75.191,71.3047,83.8412,108.478,179.376,173.736,141.417,121.673,59.2141,70.1444,94.3158,78.9636,169.848,82.339,154.214,16.6745,65.0982,62.2615,8.18999,23.6239,159.09
P62,first,112.591,82.1623,77.7532,72.775,57.0455,51.1616,71.7954,71.5817,149.369,121.459,117.164,115.954,117.777,143.078,12.3859,8.6891,174.102,154.38,172.066,153.833,36.8207,22.1409,2.90177,9.49583,166.203
P63,first,121.102,79.2889,107.345,106.59,81.3312,66.5424,89.2632,87.4628,169.282,167.834,162.229,154.97,119.879,122.359,10.8646,13.1674,160.51,149.536,162.72,140.037,40.6159,43.146,6.06248,13.4694,159.401
P64,first,130.442,74.4786,79.7664,87.8576,78.7886,69.3546,47.7114,88.6019,147.203,147.53,136.025,134.972,70.9996,73.3581,19.1179,19.255,98.0988,143.176,40.2577,152.898,53.698,70.4196,13.9105,9.5866,167.244
P65,first,109.955,76.1366,83.7203,84.2455,64.4315,62.1203,69.0066,90.765,147.201,144.726,137.618,137.533,146.769,126.169,3.60136,18.7811,118.866,137.22,129.34,131.182,19.0606,26.4613,11.8072,15.3838,169.074
P66,first,118.431,73.0232,70.2233,76.612,84.2727,75.9238,81.1774,96.8676,94.0356,81.385,126.982,115.911,108.382,20.4051,4.85777,13.4023,172.405,149.046,156.722,142.391,33.8568,88.1998,10.7003,20.5066,155.265
P67,first,140.42,90.661,109.454,106.883,84.1493,66.9602,52.2795,78.0857,187.991,192.227,205.019,183.934,118.446,129.692,13.8921,18.6311,62.1678,168.301,43.1693,162.82,34.9527,32.6688,7.13301,5.12305,165.722
P68,first,142.557,93.205,113.464,106.464,80.7327,72.8702,83.2444,79.5276,174.02,180.721,165.585,165.987,119.627,143.068,11.3516,11.9993,171.5,149.327,161.763,152.586,34.2873,23.6953,6.3356,8.86527,160.567
P69,first,139.345,83.1268,85.9986,84.9464,69.4242,68.4814,68.0274,80.5069,161.275,151.382,150.909,150.607,124.553,121.115,34.119,28.5943,138.475,131.152,148.133,142.683,32.636,44.2073,9.28986,12.6619,164.539
P70,first,116.996,74.2184,88.0234,87.5874,58.2286,55.5127,69.7071,79.4021,139.856,146.331,130.358,130.11,109.392,121.572,14.3359,16.6471,103.289,151.143,109.712,148.734,47.9671,39.7786,10.4242,11.7674,160.329
P01,second,120.591,71.9759,94.7185,91.5206,82.3509,78.6566,75.0566,76.2018,103.663,115.353,128.318,126.857,153.952,166.489,13.3357,18.7998,173.623,146.654,161.682,146.425,13.6129,7.23674,7.60873,13.0514,153.681
P02,second,112.117,77.6311,88.3901,77.5413,35.9362,68.4094,85.3725,92.6808,149.906,131.219,124.826,120.73,100.34,93.859,22.7819,17.9461,175.892,151.585,166.894,144.171,56.0523,53.6302,5.17182,14.4612,161.75
P03,second,108.077,72.5405,80.9077,76.6772,87.649,72.4369,77.12,85.5403,157.82,162.705,131.911,124.524,109.971,90.8901,4.92088,13.9098,156.041,125.631,149.076,122.772,34.4482,43.0349,10.4155,17.0994,157.382
P04,second,103.89,74.5602,87.5246,82.4675,72.2712,59.6202,75.4448,67.939,134.621,137.253,133.062,129.933,149.599,152.72,4.50286,12.3017,152.431,153.642,159.385,150.112,17.3057,16.5621,7.5937,9.09001,163.282
P05,second,107.072,75.2344,75.8329,69.3108,59.9335,45.122,78.0677,50.7117,148.421,152.874,116.972,109.164,106.236,126.353,18.5323,16.817,147.534,139.088,126.224,135.814,43.2503,33.453,12.3615,8.24037,171.735
P06,second,120.165,95.7476,92.8462,92.5661,54.7734,56.8754,98.9681,25.0674,137.633,171.032,137.484,132.679,67.4316,71.0722,17.1042,13.89,154.893,128.402,139.763,154.347,83.4931,73.8113,16.6156,2.80418,172.267
P07,second,134.644,91.3596,96.4618,90.2138,91.035,76.7933,119.466,146.591,196.111,189.452,189.185,158.706,119.56,93.6626,23.4412,34.0865,157.311,125.759,153.54,118.727,25.8004,45.4824,10.2569,25.0821,161.526
P08,second,152.122,85.3316,109.896,100.355,69.3228,46.1636,99.4096,119.469,114.629,158.205,161.349,153.124,101.898,127.37,35.0954,19.4299,171.223,141.227,164.357,113.004,49.7647,34.6738,7.13501,27.3948,164.998
P09,second,131.665,77.1115,80.503,78.8999,74.5371,69.2365,90.4404,85.944,172.642,173.977,140.56,136.268,114.414,91.3847,14.4497,19.7007,176.165,168.653,174.559,166.284,31.8338,39.0894,1.89806,4.52444,167.111
P10,second,142.641,96.524,79.0497,89.8204,78.6456,95.9998,105.042,97.5844,183.226,196.638,151.918,154.824,96.7345,94.6446,26.6022,27.9571,172.598,120.843,169.256,128.65,43.4419,46.3477,3.75051,7.1237,154.201
P11,second,118.863,75.1395,86.8808,83.0579,55.7132,56.0367,69.8868,72.786,139.338,128.01,121.242,121.428,131.23,130.404,13.2573,13.8028,172.943,159.711,173.758,162.981,29.6559,28.5664,2.07391,6.15637,175.854
P12,second,130.741,92.1276,74.6642,71.6134,60.6093,49.7246,79.0932,83.3447,157.685,149.671,122.965,126.863,140.274,146.127,5.00416,19.31,171.06,150.13,157.559,150.995,22.1469,20.0052,7.58814,10.3297,172.831
P13,second,134.489,91.1069,99.7562,97.3056,41.5529,36.7201,80.8152,64.9984,157.991,163.762,92.853,109.528,153.79,142.944,21.1285,20.2164,133.771,105.225,139.23,140.206,17.9966,27.1982,13.5337,11.1015,142.054
P14,second,150.419,87.7484,99.3067,95.6822,75.1883,49.115,66.141,55.8439,191.942,192.265,184.009,169.521,105.1,130.191,12.1839,20.139,68.6458,113.355,98.624,97.696,45.041,34.8385,15.6277,7.31482,168.409
P15,second,151.385,99.8005,114.923,107.121,95.9769,79.4759,48.0366,106.976,204.401,194.87,177.035,176.916,127.544,147.512,11.1374,14.8744,137.406,113.31,152.592,119.926,30.4397,21.0819,5.19085,20.4641,168.959
P16,second,144.468,87.9413,91.0306,87.2303,82.8718,66.431,84.2609,85.5391,172.482,139.91,161.474,148.365,122.295,118.452,8.54524,9.49666,167.133,134.827,167.282,126.252,32.3168,35.52,4.2755,19.3477,166.452
P17,second,142.948,77.1224,105.261,106.027,67.8655,67.4191,80.7566,94.3725,166.732,165.639,146.494,144.991,128.901,120.441,15.9477,15.7505,137.421,123.115,134.918,117.102,31.8958,38.5312,14.4993,22.3639,160.599
P18,second,129.729,104.641,95.7746,90.264,76.5995,57.9525,60.9666,115.845,179.425,174.53,167.759,153.992,93.4615,121.682,13.4388,16.4347,113.249,173.85,154.575,169.086,52.8938,38.3198,6.52361,3.73249,166.115
P19,second,113.613,75.7998,82.8157,84.7192,74.7834,51.8827,85.3987,32.6768,155.116,158.753,134.053,123.968,73.5491,69.701,27.3567,23.2033,131.592,136.629,130.477,136.882,59.709,82.7477,17.2401,4.08662,156.621
P20,second,139.372,86.1023,111.903,102.433,71.8104,53.913,95.675,125.797,196.822,183.104,166.531,161.449,111.737,123.471,10.6964,31.1307,159.242,86.8948,148.161,17.4403,42.8597,38.8247,10.3072,31.5227,145.002
P21,second,124.998,77.7743,93.3428,93.437,65.0163,51.1653,75.0014,89.8281,182.367,160.127,131.883,144.612,58.7958,64.8757,36.2966,26.2027,161.481,120.177,150.449,40.8372,80.339,84.6712,8.53077,32.7204,163.009
P22,second,103.576,78.6268,87.64,84.6479,53.6702,58.6437,91.4915,65.2052,133.291,143.169,131.757,125.691,87.5466,91.1329,23.7685,8.62229,176.392,126.771,164.858,158.529,58.9487,54.3952,6.13476,6.7323,159.802
P23,second,144.819,92.5966,81.1093,98.3657,89.8918,77.2208,84.1586,107.37,177.323,168.479,142.781,132.696,77.5062,45.94,35.4287,64.3187,153.771,114.698,150.57,111.452,45.4206,92.6637,9.72254,17.6559,164.159
P24,second,136.378,84.8081,91.0824,88.9541,66.7753,51.5769,76.7951,90.1835,184.881,170.143,152.67,144.563,102.806,98.9552,48.9923,71.1714,164.323,124.402,155.915,132.02,43.3713,56.657,6.95894,16.1218,166.675
P25,second,114.58,77.9296,82.4587,76.4023,64.1853,44.4521,85.3152,75.7233,170.155,154.05,133.844,124.626,113.18,124.703,9.26922,12.8021,128.881,166.292,144.5,164.608,38.8452,34.8984,11.4319,5.15717,168.125
P26,second,119.193,87.336,80.2374,78.7421,75.0297,69.515,79.8734,77.9461,152.648,150.533,120.249,124.041,122.824,120.26,11.9476,24.8173,172.475,163.695,168.021,151.422,30.6753,31.8331,4.11305,10.1279,159.411
P27,second,115.987,67.4209,83.6844,80.5599,60.7072,41.0914,74.044,72.7675,160.193,150.876,130.133,131.459,98.1565,99.1671,22.1986,31.7027,166.992,86.7221,148.506,14.5556,50.7192,55.3027,9.62817,12.5388,174.065
P28,second,146.884,89.3875,108.395,105.942,81.2677,61.942,102.49,117.918,179.669,167.683,154.618,148.958,131.738,114.755,7.60267,16.2486,151.899,126.996,158.106,114.381,26.9949,40.7677,7.95255,26.5106,161.974
P29,second,126.022,84.8013,85.7035,84.1741,72.4959,52.5681,82.7676,96.399,149.055,155.581,127.688,126.337,138.071,145.618,7.32251,14.6896,174.52,143.549,156.425,151.397,23.2173,21.3991,9.09739,11.2838,173.117
P30,second,144.07,105.026,90.5836,83.9451,66.7679,55.8381,78.8631,46.3702,159.086,174.98,153.632,152.675,110.362,141.064,9.70499,16.8576,58.4473,166.632,105.311,165.43,42.5532,26.8691,22.27,2.92179,164.346
P31,second,148.861,88.6698,97.1136,98.0849,105.439,91.2383,111.328,126.12,197.799,178.471,166.44,157.075,111.768,97.4312,29.455,41.6451,170.205,139.091,159.235,124.754,31.719,33.8646,8.1226,22.6345,155.306
P32,second,107.957,63.9642,81.7993,75.0373,42.7186,58.9258,82.9648,92.8306,122.592,129.039,103.989,103.685,40.13,69.4534,26.1328,24.3476,175.438,140.663,169.033,135.047,116.522,70.6475,4.41088,19.2165,162.842
P33,second,122.641,90.4027,97.5351,93.7062,79.5089,64.3268,89.1701,85.9315,182.521,184.204,140.063,137.491,126.614,151.376,6.86417,11.2005,154.015,139.883,171.045,141.185,30.3889,17.4356,2.98323,12.0879,173.582
P34,second,164.149,98.7421,104.394,100.135,99.0362,57.934,81.29,80.4895,191.968,180.052,178.911,187.242,107.028,87.4654,17.8688,41.784,163.601,70.3873,162.596,28.2382,37.9846,65.3677,5.75906,13.5562,151.527
P35,second,117.58,70.7092,81.5258,80.6035,56.3433,42.1102,43.6927,70.9209,162.191,160.648,153.887,145.328,103.629,117.334,30.3759,36.1982,31.8772,141.439,33.7317,142.601,42.3473,36.9875,12.5424,10.9247,149.154
P36,second,130.054,91.8727,92.9185,97.2866,85.0087,74.8366,53.7448,58.0961,175.635,182.767,184.727,168.71,107.209,159.948,17.0197,27.8118,30.9037,136.444,92.2142,147.932,39.4948,11.9517,16.1456,7.417,169.43
P37,second,125.589,81.062,104.898,101.616,81.7482,71.928,75.8891,79.1269,166.047,159.553,148.571,148.938,140.653,149.702,6.57718,12.4397,171.71,158.773,171.929,164.029,22.0883,18.501,2.73455,5.96531,161.677
P38,second,114.507,81.149,86.3304,85.732,46.6769,33.4189,63.9684,71.9365,157.983,151.163,138.645,133.407,99.0794,113.113,13.1969,18.312,88.6246,170.801,119.939,174.018,53.6302,44.9546,15.5783,1.89241,165.085
P39,second,134.621,89.9285,91.0554,94.4591,85.4303,84.4613,54.9979,86.1441,181.27,187.974,164.496,155.227,76.0467,80.0741,15.8617,17.2564,86.7111,162.72,86.3238,164.66,58.6125,60.149,8.12967,4.75737,167.287
P40,second,113.331,65.3906,84.5274,85.9178,61.4206,54.7811,70.7115,73.9185,148.039,143.945,129.249,130.348,117.327,118.788,20.4841,23.8757,161.378,153.634,161.145,153.247,37.133,38.3884,4.12773,9.0185,173.298
P41,second,131.05,85.4849,106.765,94.963,71.2625,64.5389,73.414,86.0871,175.183,171.523,171.681,183.859,112.802,151.667,36.825,31.7149,164.792,66.9744,155.498,8.52616,38.0414,15.4654,7.10284,8.0842,161.531
P42,second,117.215,66.3707,94.219,91.2101,74.0266,56.9435,73.8127,57.7048,159.655,160.077,140.338,137.111,123.031,121.723,13.2094,14.962,159.666,94.7761,150.445,49.5764,33.1088,35.5305,9.0262,6.88423,166.041
P43,second,136.287,87.8536,107.083,101.217,71.7316,60.0428,79.3699,84.1419,154.4,172.651,144.297,142.371,116.86,132.001,19.639,16.6956,166.201,149.388,166.252,146.602,37.203,29.2522,4.68524,11.2795,157.195
P44,second,112.481,73.4289,79.7887,75.5087,52.5426,43.0242,85.5213,37.4475,145.407,145.478,132.467,122.588,103.045,106.985,18.868,21.979,149.087,81.7055,141.036,59.5657,48.6289,47.8916,13.8649,13.75,170.401
P45,second,140.593,91.1826,98.8939,94.6622,67.7824,72.2109,66.6959,70.8968,160.674,152.487,149.96,153.151,130.112,138.53,14.1867,15.4526,177.47,159.23,168.729,149.767,29.8202,23.9746,3.37982,9.85096,171.223
P46,second,137.267,92.236,98.3091,99.7542,67.2859,67.0729,77.2284,92.0939,173.874,172.954,146.815,137.195,106.991,122.437,34.7819,21.7793,140.559,125.836,146.964,97.9423,48.2508,36.9346,6.46297,17.8423,168.081
P47,second,131.15,77.4459,84.7414,86.5035,91.8833,74.6486,50.001,77.6459,168.954,172.293,147.783,139.799,112.009,119.932,7.69077,23.8691,89.9783,151.14,44.331,159.019,34.5975,21.0014,10.716,7.20487,162.366
P48,second,160.837,115.369,120.317,108.222,93.4759,74.4187,83.3619,119.74,168.608,134.306,155.095,155.197,97.1614,123.979,14.899,22.9366,173.532,135.286,154.488,126.96,55.9293,35.2694,8.46143,24.2985,167.039
P49,second,125.911,75.4171,80.5171,78.6731,66.7749,60.2352,65.7238,79.7504,147.184,141.724,140.199,136.664,129.903,138.143,17.3641,23.3667,148.166,113.587,128.95,78.5311,27.9573,24.7562,4.777,20.4975,168.192
P50,second,150.075,92.018,119.341,114.103,85.4145,82.4432,71.3746,92.2911,178.998,180.569,163.362,165.683,133.942,141.851,13.7399,19.1324,114.376,114.622,128.655,120.698,26.74,24.4726,13.8958,19.1638,155.471
P51,second,137.055,79.5784,100.331,102.725,61.9346,69.5589,80.9778,100.16,135.68,118.629,148.381,158.215,79.0297,114.954,14.6534,16.0685,168.369,159.827,146.68,161.925,62.6791,38.3804,11.7511,7.91343,157.887
P52,second,157.399,97.4637,110.651,104.422,79.7889,73.0192,92.6858,112.665,157.369,168.285,163.738,162.713,105.613,122.428,20.2663,21.5487,136.983,126.447,137.636,114.569,46.5686,35.2798,14.93,25.5315,170.779
P53,second,102.743,65.7616,75.9705,75.1321,65.1961,47.9325,70.8478,77.3625,106.539,110.87,117.138,113.316,93.0273,90.6398,15.6557,20.6943,166.562,144.559,173.398,118.94,49.8032,65.0744,2.58304,24.0357,151.648
P54,second,114.098,68.2138,85.1264,87.2401,53.8666,43.964,61.6751,57.3339,138.041,134.623,146,140.09,133.193,127.084,15.7112,22.3542,100.477,116.057,100.975,98.0925,29.1256,36.2332,9.15626,6.05449,165.78
P55,second,143.772,84.9725,106.157,97.8518,74.7728,68.7641,63.3944,68.5086,193.77,192.311,187.039,170.951,95.9961,96.6091,16.3519,21.6353,65.7168,123.489,94.2838,106.89,55.603,55.8026,14.2047,7.17602,150.021
P56,second,113.77,73.1618,68.6622,64.3873,91.0435,80.9912,90.0936,94.7985,152.034,159.65,127.11,111.804,105.666,37.3101,6.53211,17.6994,173.949,156.564,163.898,159.906,34.1825,50.549,6.07298,7.40168,166.667
P57,second,120.73,94.6543,92.2317,86.1436,60.4974,47.9118,54.3653,66.4325,164.836,164.751,149.759,141.443,111.278,133.191,13.1567,17.2475,80.5516,174.086,125.352,174.453,42.4861,32.0819,12.5592,1.61891,174.224
P58,second,114.429,78.2166,86.6859,85.0635,75.7906,57.1236,96.4621,117.027,75.7289,82.5378,139.484,136.363,88.2735,89.6747,17.7107,19.017,167.699,148.52,165.232,124.237,51.7373,54.2183,7.9586,31.8151,169.598
P59,second,139.767,89.9936,94.1794,88.5211,72.8547,50.1517,86.1536,115.093,184.482,192.089,167.601,151.696,107.766,145.796,21.4115,12.6362,165.59,124.704,162.812,121.919,43.7975,23.5524,5.77957,21.4813,159.767
P60,second,113.919,67.9509,87.5808,85.6973,56.8479,47.0412,79.8018,81.225,154.036,152.301,128.464,123.464,83.5854,86.4368,41.3327,32.2771,168.829,160.992,168.437,168.228,54.5856,58.8032,4.13584,4.24267,167.419
P61,second,123.146,70.22,83.4924,91.832,76.9641,80.3343,106.695,82.4324,193.498,185.801,133.014,107.082,50.7774,56.9062,112.92,98.8993,156.54,76.5371,137.746,23.3422,72.5442,72.568,14.5835,20.6916,160.372
P62,second,113.562,82.8746,73.2803,70.3011,54.9907,48.6307,73.6046,75.3625,152.024,111.795,114.79,113.329,123.988,139.519,11.5038,10.5088,172.281,152.755,173.57,150.531,32.4024,24.8992,2.30342,11.1118,162.546
P63,second,120.924,85.1308,104.085,97.7779,63.3773,68.127,93.3325,32.6353,171.209,175.318,156.654,148.018,100.257,109.786,24.6155,10.7149,152.012,141.003,143.478,151.151,54.4065,44.8558,12.8524,3.73727,154.208
P64,second,125.601,75.4428,73.7928,75.0105,81.0795,73.4935,79.9267,93.1932,148.348,133.228,140.852,131.62,73.48,107.049,15.465,15.0049,161.717,136.677,154.241,126.158,50.2703,38.6077,6.89557,23.0358,164.071
P65,second,106.107,79.0048,82.8274,81.2887,56.2657,60.0384,57.3511,63.6355,156.752,154.355,183.462,149.639,141.668,134.885,4.99351,19.9876,13.7477,156.562,52.299,149.709,23.1631,23.4794,17.5906,8.39284,170.87
P66,second,116.579,72.518,69.0565,76.4963,83.8515,71.6084,80.9891,94.1392,92.9578,87.382,127.398,115.755,108.098,20.7925,6.9207,12.3634,175.233,148.423,158.853,143.228,34.8792,95.9431,9.85644,19.1777,156.54
P67,second,139.19,91.0451,102.867,98.568,68.7255,62.295,103.517,73.8943,184.791,179.665,177.412,160.906,106.227,108.136,29.6702,22.4353,115.154,121.859,88.0072,107.614,47.63,46.3026,13.3457,5.82603,166.419
P68,second,142.952,92.7265,114.31,106.608,80.1746,77.9072,83.6987,79.3474,174.212,181.292,163.847,166.191,128.388,147.123,12.2551,13.2884,170.426,154.438,160.442,160.42,31.4893,21.7067,6.57108,6.10605,163.199
P69,second,137.627,83.7526,85.5078,83.6674,68.9017,73.9242,70.5256,82.1237,152.296,159.42,148.938,147.025,118.829,128.447,34.087,26.3103,141.489,133.165,151.463,145.388,37.2243,34.9076,9.12772,11.7908,163.331
P70,second,113.897,67.9515,84.5875,79.4215,68.4431,64.8163,80.1194,91.2768,123.029,123.783,126.692,123.787,99.6777,95.754,14.8835,16.8157,168.22,147.397,161.338,134.368,46.4826,47.6114,7.3138,18.7054,163.438
